{
  "train_loss": [
    0.26049,
    0.09007,
    0.01575,
    0.01221,
    0.20128,
    0.03005,
    0.00256,
    0.01303,
    0.01254,
    0.00537
  ],
  "val_loss": [
    0.0013,
    0.0,
    0.0,
    0.00074,
    0.20163,
    0.15045,
    0.0,
    0.0,
    0.0,
    0.0
  ],
  "train_acc": [
    0.89267,
    0.98569,
    0.99821,
    0.99821,
    0.99642,
    0.99642,
    0.99821,
    0.99821,
    0.99463,
    0.99821
  ],
  "val_acc": [
    1.0,
    1.0,
    1.0,
    1.0,
    0.95868,
    0.95868,
    1.0,
    1.0,
    1.0,
    1.0
  ],
  "best_val_loss": 1.2455437147156875e-14,
  "best_val_acc": 1.0,
  "epochs_trained": 10,
  "hyperparams": {
    "batch_size": 16,
    "learning_rate": 0.001,
    "max_epochs": 40,
    "patience": 8
  }
}